doc_id,stock_code,stock_name,market,publish_date,announcement_title,announcement_type,title_rule_doc_type,url,pdf_url,adjunct_url,search_key,matched_search_keys,source,crawl_time,download_status,local_pdf_path,error_message,notes
1225291749,000789,万年青,szse,2026-05-11,关于江西万年青水泥股份有限公司收到江西证监局行政监管措施决定书及深圳证券交易所监管函的临时受托管理事务报告,01010501||010112||013999,regulatory_measure,http://static.cninfo.com.cn/finalpage/2026-05-11/1225291749.PDF,http://static.cninfo.com.cn/finalpage/2026-05-11/1225291749.PDF,finalpage/2026-05-11/1225291749.PDF,行政监管措施,监管措施决定书|行政监管措施,cninfo,2026-05-24T03:05:26Z,skipped,data/pdf/1225291749.pdf,,
1225290815,300135,宝利国际,szse,2026-05-11,关于收到江苏证监局警示函的公告,01010503||010112||010115||012399,regulatory_measure,http://static.cninfo.com.cn/finalpage/2026-05-11/1225290815.PDF,http://static.cninfo.com.cn/finalpage/2026-05-11/1225290815.PDF,finalpage/2026-05-11/1225290815.PDF,警示函,警示函,cninfo,2026-05-24T03:05:26Z,skipped,data/pdf/1225290815.pdf,,
1225292102,300005,探路者,szse,2026-05-11,探路者控股集团股份有限公司与国泰海通证券股份有限公司关于探路者控股集团股份有限公司向特定对象发行股票的审核问询函的回复,010109||010112||010115||0129,reply,http://static.cninfo.com.cn/finalpage/2026-05-11/1225292102.PDF,http://static.cninfo.com.cn/finalpage/2026-05-11/1225292102.PDF,finalpage/2026-05-11/1225292102.PDF,问询函,回复|审核问询|问询函,cninfo,2026-05-24T03:05:26Z,skipped,data/pdf/1225292102.pdf,,
1225291274,301413,安培龙,szse,2026-05-11,关于深圳安培龙科技股份有限公司申请向特定对象发行股票的审核问询函的回复,010109||010112||010115||0129,reply,http://static.cninfo.com.cn/finalpage/2026-05-11/1225291274.PDF,http://static.cninfo.com.cn/finalpage/2026-05-11/1225291274.PDF,finalpage/2026-05-11/1225291274.PDF,问询函,回复|审核问询|问询函,cninfo,2026-05-24T03:05:26Z,skipped,data/pdf/1225291274.pdf,,
1225291273,301413,安培龙,szse,2026-05-11,关于深圳安培龙科技股份有限公司申请向特定对象发行股票的审核问询函的回复【众环专字（2026）0101390号】,01010903||010112||010115||0129,reply,http://static.cninfo.com.cn/finalpage/2026-05-11/1225291273.PDF,http://static.cninfo.com.cn/finalpage/2026-05-11/1225291273.PDF,finalpage/2026-05-11/1225291273.PDF,问询函,回复|审核问询|问询函,cninfo,2026-05-24T03:05:26Z,skipped,data/pdf/1225291273.pdf,,
1225284585,688719,爱科赛博,szse,2026-05-08,西安爱科赛博电气股份有限公司关于对陕西证监局行政监管措施决定书的整改报告,01010503||010123||012317,regulatory_measure,http://static.cninfo.com.cn/finalpage/2026-05-09/1225284585.PDF,http://static.cninfo.com.cn/finalpage/2026-05-09/1225284585.PDF,finalpage/2026-05-09/1225284585.PDF,行政监管措施,整改报告|监管措施决定书|行政监管措施,cninfo,2026-05-24T03:05:26Z,skipped,data/pdf/1225284585.pdf,,
1225286933,000610,*ST西旅,szse,2026-05-08,关于西安旅游股份有限公司申请向特定对象发行股票的审核问询函的回复报告,01010501||010112||010799,reply,http://static.cninfo.com.cn/finalpage/2026-05-09/1225286933.PDF,http://static.cninfo.com.cn/finalpage/2026-05-09/1225286933.PDF,finalpage/2026-05-09/1225286933.PDF,问询函,回复|审核问询|问询函,cninfo,2026-05-24T03:05:26Z,skipped,data/pdf/1225286933.pdf,,
1225286613,600358,国旅联合,szse,2026-05-08,关于国旅文化投资集团股份有限公司发行股份及支付现金购买资产并募集配套资金暨关联交易申请的审核问询函的回复,01010503||010109||010113||010799||0129,reply,http://static.cninfo.com.cn/finalpage/2026-05-09/1225286613.PDF,http://static.cninfo.com.cn/finalpage/2026-05-09/1225286613.PDF,finalpage/2026-05-09/1225286613.PDF,审核问询,回复|审核问询|问询函,cninfo,2026-05-24T03:05:26Z,skipped,data/pdf/1225286613.pdf,,
1225286595,600358,国旅联合,szse,2026-05-08,金证（上海）资产评估有限公司《关于国旅文化投资集团股份有限公司发行股份及支付现金购买资产并募集配套资金暨关联交易申请的审核问询函》之回复,01010503||010109||01010909||010113||010799||0129||012905,reply,http://static.cninfo.com.cn/finalpage/2026-05-09/1225286595.PDF,http://static.cninfo.com.cn/finalpage/2026-05-09/1225286595.PDF,finalpage/2026-05-09/1225286595.PDF,审核问询,回复|审核问询|问询函,cninfo,2026-05-24T03:05:26Z,skipped,data/pdf/1225286595.pdf,,
1225285938,605006,山东玻纤,szse,2026-05-08,关于对山东玻纤集团股份有限公司股票交易异常波动问询函的回复,010109||010113||0129,reply,http://static.cninfo.com.cn/finalpage/2026-05-09/1225285938.PDF,http://static.cninfo.com.cn/finalpage/2026-05-09/1225285938.PDF,finalpage/2026-05-09/1225285938.PDF,回复,回复|问询函,cninfo,2026-05-24T03:05:26Z,skipped,data/pdf/1225285938.pdf,,
1225285883,603636,南威软件,szse,2026-05-08,南威软件：关于《南威软件股份有限公司关于股票交易异常波动的问询函》的回函,01010501||010113||012399,reply,http://static.cninfo.com.cn/finalpage/2026-05-09/1225285883.PDF,http://static.cninfo.com.cn/finalpage/2026-05-09/1225285883.PDF,finalpage/2026-05-09/1225285883.PDF,回函,回函|问询函,cninfo,2026-05-24T03:05:26Z,skipped,data/pdf/1225285883.pdf,,
1225285619,603256,宏和科技,szse,2026-05-08,控股股东及实际控制人关于《宏和电子材料科技股份有限公司股票交易异常波动问询函》的回复,010109||010113||0129,reply,http://static.cninfo.com.cn/finalpage/2026-05-09/1225285619.PDF,http://static.cninfo.com.cn/finalpage/2026-05-09/1225285619.PDF,finalpage/2026-05-09/1225285619.PDF,回复,回复|问询函,cninfo,2026-05-24T03:05:26Z,skipped,data/pdf/1225285619.pdf,,
1225284959,603378,*ST亚士,szse,2026-05-08,关于《亚士创能科技（上海）股份有限公司股票交易异常波动有关事项的问询函》的回函,01010501||010113||012399,reply,http://static.cninfo.com.cn/finalpage/2026-05-09/1225284959.PDF,http://static.cninfo.com.cn/finalpage/2026-05-09/1225284959.PDF,finalpage/2026-05-09/1225284959.PDF,回函,回函|问询函,cninfo,2026-05-24T03:05:26Z,skipped,data/pdf/1225284959.pdf,,
1225284740,301000,肇民科技,szse,2026-05-08,关于上海肇民新材料科技股份有限公司申请向不特定对象发行可转换公司债券申请文件的审核问询函的回复报告（2025年财务数据更新版）(豁免版）,01010503||010112||010115||010999,reply,http://static.cninfo.com.cn/finalpage/2026-05-08/1225284740.PDF,http://static.cninfo.com.cn/finalpage/2026-05-08/1225284740.PDF,finalpage/2026-05-08/1225284740.PDF,回复,回复|审核问询|问询函,cninfo,2026-05-24T03:05:26Z,skipped,data/pdf/1225284740.pdf,,
1225284401,002526,山东矿机,szse,2026-05-08,关于山东矿机集团股份有限公司申请向特定对象发行股票的审核问询函回复（2025年年报更新稿）（豁免版）,01010501||010112||010799||012399,reply,http://static.cninfo.com.cn/finalpage/2026-05-09/1225284401.PDF,http://static.cninfo.com.cn/finalpage/2026-05-09/1225284401.PDF,finalpage/2026-05-09/1225284401.PDF,审核问询,回复|审核问询|年报问询|问询函,cninfo,2026-05-24T03:05:26Z,skipped,data/pdf/1225284401.pdf,,
1225284400,002526,山东矿机,szse,2026-05-08,关于山东矿机集团股份有限公司申请向特定对象发行股票的审核问询函中有关财务事项的说明（豁免版）,01010501||010112||010799||012399,inquiry_letter,http://static.cninfo.com.cn/finalpage/2026-05-09/1225284400.PDF,http://static.cninfo.com.cn/finalpage/2026-05-09/1225284400.PDF,finalpage/2026-05-09/1225284400.PDF,审核问询,审核问询|问询函,cninfo,2026-05-24T03:05:26Z,skipped,data/pdf/1225284400.pdf,,
1225282388,002261,拓维信息,szse,2026-05-07,关于收到湖南证监局对公司采取责令改正措施并对相关人员采取出具警示函措施的公告,01010503||010112||012399,regulatory_measure,http://static.cninfo.com.cn/finalpage/2026-05-08/1225282388.PDF,http://static.cninfo.com.cn/finalpage/2026-05-08/1225282388.PDF,finalpage/2026-05-08/1225282388.PDF,警示函,警示函|责令改正,cninfo,2026-05-24T03:05:26Z,skipped,data/pdf/1225282388.pdf,,
1225281499,300332,天壕能源,szse,2026-05-07,中证鹏元关于关注天壕能源股份有限公司及相关责任人被出具警示函及通报批评事项的公告,01010503||010112||010115||012399,regulatory_measure,http://static.cninfo.com.cn/finalpage/2026-05-07/1225281499.PDF,http://static.cninfo.com.cn/finalpage/2026-05-07/1225281499.PDF,finalpage/2026-05-07/1225281499.PDF,关注函,关注函|警示函,cninfo,2026-05-24T03:05:26Z,skipped,data/pdf/1225281499.pdf,,
1225282701,002168,*ST惠程,szse,2026-05-07,独立董事关于对深圳证券交易所2025年年报问询函回复的意见,01011107||010112||013105,reply,http://static.cninfo.com.cn/finalpage/2026-05-08/1225282701.PDF,http://static.cninfo.com.cn/finalpage/2026-05-08/1225282701.PDF,finalpage/2026-05-08/1225282701.PDF,年报问询,回复|年报问询|问询函,cninfo,2026-05-24T03:05:26Z,skipped,data/pdf/1225282701.pdf,,
1225282700,002168,*ST惠程,szse,2026-05-07,董事会审计委员会关于对深圳证券交易所2025年年报问询函回复的意见,01010501||010112||012399,reply,http://static.cninfo.com.cn/finalpage/2026-05-08/1225282700.PDF,http://static.cninfo.com.cn/finalpage/2026-05-08/1225282700.PDF,finalpage/2026-05-08/1225282700.PDF,年报问询,回复|年报问询|问询函,cninfo,2026-05-24T03:05:26Z,skipped,data/pdf/1225282700.pdf,,
1225282699,002168,*ST惠程,szse,2026-05-07,关于对深圳证券交易所对重庆惠程信息科技股份有限公司2025年年报问询函的回复,010109||010112||0129,reply,http://static.cninfo.com.cn/finalpage/2026-05-08/1225282699.PDF,http://static.cninfo.com.cn/finalpage/2026-05-08/1225282699.PDF,finalpage/2026-05-08/1225282699.PDF,年报问询,回复|年报问询|问询函,cninfo,2026-05-24T03:05:26Z,skipped,data/pdf/1225282699.pdf,,
1225282698,002168,*ST惠程,szse,2026-05-07,关于对深圳证券交易所2025年年报问询函回复的公告,01010503||010112||012399,reply,http://static.cninfo.com.cn/finalpage/2026-05-08/1225282698.PDF,http://static.cninfo.com.cn/finalpage/2026-05-08/1225282698.PDF,finalpage/2026-05-08/1225282698.PDF,年报问询,回复|年报问询|问询函,cninfo,2026-05-24T03:05:26Z,skipped,data/pdf/1225282698.pdf,,
1225282404,301098,金埔园林,szse,2026-05-07,金埔园林股份有限公司和长江保荐《关于金埔园林股份有限公司申请向特定对象发行股票的审核问询函》的回复,010109||010112||010115||0129,reply,http://static.cninfo.com.cn/finalpage/2026-05-08/1225282404.PDF,http://static.cninfo.com.cn/finalpage/2026-05-08/1225282404.PDF,finalpage/2026-05-08/1225282404.PDF,回复,回复|审核问询|问询函,cninfo,2026-05-24T03:05:26Z,skipped,data/pdf/1225282404.pdf,,
1225281819,600711,盛屯矿业,sse,2026-05-07,盛屯矿业集团股份有限公司关于上海证券交易所对公司2025年年度报告信息披露监管问询函回复的公告,01010503||010113||012399,reply,http://static.cninfo.com.cn/finalpage/2026-05-08/1225281819.PDF,http://static.cninfo.com.cn/finalpage/2026-05-08/1225281819.PDF,finalpage/2026-05-08/1225281819.PDF,问询函,回复|年报问询|问询函,cninfo,2026-05-24T03:05:26Z,skipped,data/pdf/1225281819.pdf,,
1225281617,300828,锐新科技,sse,2026-05-07,关于对深圳证券交易所2025年年报问询函回复的公告,01010503||010112||010115||012399,reply,http://static.cninfo.com.cn/finalpage/2026-05-07/1225281617.PDF,http://static.cninfo.com.cn/finalpage/2026-05-07/1225281617.PDF,finalpage/2026-05-07/1225281617.PDF,问询函,回复|年报问询|问询函,cninfo,2026-05-24T03:05:26Z,skipped,data/pdf/1225281617.pdf,,
1225281545,603023,威帝股份,szse,2026-05-07,哈尔滨威帝电子股份有限公司关于再次延期回复上海证券交易所《关于对哈尔滨威帝电子股份有限公司重大资产重组草案的信息披露问询函》的公告,01010503||010113||012399,reply,http://static.cninfo.com.cn/finalpage/2026-05-08/1225281545.PDF,http://static.cninfo.com.cn/finalpage/2026-05-08/1225281545.PDF,finalpage/2026-05-08/1225281545.PDF,延期回复,回复|延期回复|问询函,cninfo,2026-05-24T03:05:26Z,skipped,data/pdf/1225281545.pdf,,
1225280799,688213,思特威,sse,2026-05-06,关于思特威（上海）电子科技股份有限公司向特定对象发行A股股票申请文件的审核问询函回复,010109||010123||0129,reply,http://static.cninfo.com.cn/finalpage/2026-05-07/1225280799.PDF,http://static.cninfo.com.cn/finalpage/2026-05-07/1225280799.PDF,finalpage/2026-05-07/1225280799.PDF,问询函,回复|审核问询|问询函,cninfo,2026-05-24T03:05:26Z,skipped,data/pdf/1225280799.pdf,,
1225280720,688278,特宝生物,sse,2026-05-06,特宝生物：关于厦门特宝生物工程股份有限公司向不特定对象发行可转换公司债券申请文件的审核问询函的回复,01010503||010109||010123||010999||0129,reply,http://static.cninfo.com.cn/finalpage/2026-05-07/1225280720.PDF,http://static.cninfo.com.cn/finalpage/2026-05-07/1225280720.PDF,finalpage/2026-05-07/1225280720.PDF,问询函,回复|审核问询|问询函,cninfo,2026-05-24T03:05:26Z,skipped,data/pdf/1225280720.pdf,,
1225280650,300176,鸿特科技,sse,2026-05-06,关于广东鸿特科技股份有限公司向原股东配售股份的第二轮审核问询函的回复（2025年报更新版）,01010501||010112||010115||012399,reply,http://static.cninfo.com.cn/finalpage/2026-05-06/1225280650.PDF,http://static.cninfo.com.cn/finalpage/2026-05-06/1225280650.PDF,finalpage/2026-05-06/1225280650.PDF,审核问询,回复|审核问询|年报问询,cninfo,2026-05-24T03:05:26Z,skipped,data/pdf/1225280650.pdf,,
1225280642,300176,鸿特科技,sse,2026-05-06,关于广东鸿特科技股份有限公司向原股东配售股份的审核问询函的回复（2025年报更新版）,01010501||010112||010115||012399,reply,http://static.cninfo.com.cn/finalpage/2026-05-06/1225280642.PDF,http://static.cninfo.com.cn/finalpage/2026-05-06/1225280642.PDF,finalpage/2026-05-06/1225280642.PDF,审核问询,回复|审核问询|年报问询,cninfo,2026-05-24T03:05:26Z,skipped,data/pdf/1225280642.pdf,,
1225280497,603019,中科曙光,sse,2026-05-06,关于曙光信息产业股份有限公司向不特定对象发行可转换公司债券申请文件的审核问询函之回复报告,01010503||010113||010999,reply,http://static.cninfo.com.cn/finalpage/2026-05-07/1225280497.PDF,http://static.cninfo.com.cn/finalpage/2026-05-07/1225280497.PDF,finalpage/2026-05-07/1225280497.PDF,审核问询,回复|审核问询,cninfo,2026-05-24T03:05:26Z,skipped,data/pdf/1225280497.pdf,,
1225280461,601016,节能风电,sse,2026-05-06,关于中节能风力发电股份有限公司向特定对象发行股票申请文件的审核问询函的回复报告,01010501||010113||012399,reply,http://static.cninfo.com.cn/finalpage/2026-05-07/1225280461.PDF,http://static.cninfo.com.cn/finalpage/2026-05-07/1225280461.PDF,finalpage/2026-05-07/1225280461.PDF,审核问询,回复|审核问询,cninfo,2026-05-24T03:05:26Z,skipped,data/pdf/1225280461.pdf,,
1225280413,603316,诚邦股份,sse,2026-05-06,诚邦智芯科技股份有限公司关于上海证券交易所对公司2025年年度报告信息披露监管问询函的回复公告,01010503||010113||012399,reply,http://static.cninfo.com.cn/finalpage/2026-05-07/1225280413.PDF,http://static.cninfo.com.cn/finalpage/2026-05-07/1225280413.PDF,finalpage/2026-05-07/1225280413.PDF,年报问询,回复|年报问询,cninfo,2026-05-24T03:05:26Z,skipped,data/pdf/1225280413.pdf,,
1225280411,603316,诚邦股份,sse,2026-05-06,关于上海证券交易所对诚邦智芯科技股份有限公司2025年年度报告信息披露监管问询函的回复意见,01010501||010113||012399,reply,http://static.cninfo.com.cn/finalpage/2026-05-07/1225280411.PDF,http://static.cninfo.com.cn/finalpage/2026-05-07/1225280411.PDF,finalpage/2026-05-07/1225280411.PDF,年报问询,回复|年报问询,cninfo,2026-05-24T03:05:26Z,skipped,data/pdf/1225280411.pdf,,
1225277450,603213,镇洋发展,szse,2026-05-05,浙江镇洋发展股份有限公司关于延期回复《关于浙江沪杭甬高速公路股份有限公司换股吸收合并浙江镇洋发展股份有限公司暨关联交易申请的审核问询函》的公告,01010503||010113||011511||011719||012399,reply,http://static.cninfo.com.cn/finalpage/2026-05-06/1225277450.PDF,http://static.cninfo.com.cn/finalpage/2026-05-06/1225277450.PDF,finalpage/2026-05-06/1225277450.PDF,延期回复,回复|延期回复,cninfo,2026-05-24T03:05:26Z,skipped,data/pdf/1225277450.pdf,,
1225274902,002456,欧菲光,sse,2026-05-05,金证（上海）资产评估有限公司关于欧菲光集团股份有限公司申请发行股份购买资产的审核问询函之回复,010109||01010909||010112||0129||012905,reply,http://static.cninfo.com.cn/finalpage/2026-05-06/1225274902.PDF,http://static.cninfo.com.cn/finalpage/2026-05-06/1225274902.PDF,finalpage/2026-05-06/1225274902.PDF,回复,回复,cninfo,2026-05-24T03:05:26Z,skipped,data/pdf/1225274902.pdf,,
1225274900,002456,欧菲光,sse,2026-05-05,欧菲光集团股份有限公司关于深圳证券交易所《关于欧菲光集团股份有限公司发行股份购买资产申请的审核问询函》之回复报告,01010701||010109||010112||0129,reply,http://static.cninfo.com.cn/finalpage/2026-05-06/1225274900.PDF,http://static.cninfo.com.cn/finalpage/2026-05-06/1225274900.PDF,finalpage/2026-05-06/1225274900.PDF,回复,回复,cninfo,2026-05-24T03:05:26Z,skipped,data/pdf/1225274900.pdf,,
1225271364,002571,德力股份,sse,2026-05-05,公司及保荐人关于安徽德力日用玻璃股份有限公司申请向特定对象发行股票的审核问询函的回复（财务数据更新版）,01010501||010112||012399,reply,http://static.cninfo.com.cn/finalpage/2026-05-06/1225271364.PDF,http://static.cninfo.com.cn/finalpage/2026-05-06/1225271364.PDF,finalpage/2026-05-06/1225271364.PDF,回复,回复,cninfo,2026-05-24T03:05:26Z,skipped,data/pdf/1225271364.pdf,,
1225274332,300663,科蓝软件,szse,2026-04-30,关于收到北京证监局行政监管措施决定书的公告,01010503||010112||010115||012399,regulatory_measure,http://static.cninfo.com.cn/finalpage/2026-04-30/1225274332.PDF,http://static.cninfo.com.cn/finalpage/2026-04-30/1225274332.PDF,finalpage/2026-04-30/1225274332.PDF,监管措施决定书,监管措施决定书|行政监管措施,cninfo,2026-05-24T03:05:26Z,skipped,data/pdf/1225274332.pdf,,
1225272321,301392,汇成真空,szse,2026-04-30,关于实际控制人收到广东证监局警示函的公告,01010503||010112||010115||012399,regulatory_measure,http://static.cninfo.com.cn/finalpage/2026-04-30/1225272321.PDF,http://static.cninfo.com.cn/finalpage/2026-04-30/1225272321.PDF,finalpage/2026-04-30/1225272321.PDF,警示函,警示函,cninfo,2026-05-24T03:05:26Z,skipped,data/pdf/1225272321.pdf,,
1225271441,300626,华瑞股份,szse,2026-04-30,关于持股5%以上股东及相关人员收到宁波证监局行政监管措施决定书的公告,01010503||010112||010115||012399,regulatory_measure,http://static.cninfo.com.cn/finalpage/2026-05-01/1225271441.PDF,http://static.cninfo.com.cn/finalpage/2026-05-01/1225271441.PDF,finalpage/2026-05-01/1225271441.PDF,行政监管措施,监管措施决定书|行政监管措施,cninfo,2026-05-24T03:05:26Z,skipped,data/pdf/1225271441.pdf,,
1225271313,900948,伊泰Ｂ股,szse,2026-04-30,内蒙古伊泰煤炭股份有限公司关于公司及相关人员收到内蒙古证监局监管谈话措施决定的公告,01010503||010113||012399,regulatory_measure,http://static.cninfo.com.cn/finalpage/2026-05-01/1225271313.PDF,http://static.cninfo.com.cn/finalpage/2026-05-01/1225271313.PDF,finalpage/2026-05-01/1225271313.PDF,监管谈话,监管谈话,cninfo,2026-05-24T03:05:26Z,skipped,data/pdf/1225271313.pdf,,
1225271242,600238,*ST椰岛,szse,2026-04-30,*ST椰岛关于收到中国证券监督管理委员会海南监管局《行政监管措施决定书》的公告,01010503||010113||012399,regulatory_measure,http://static.cninfo.com.cn/finalpage/2026-05-01/1225271242.PDF,http://static.cninfo.com.cn/finalpage/2026-05-01/1225271242.PDF,finalpage/2026-05-01/1225271242.PDF,行政监管措施,监管措施决定书|行政监管措施,cninfo,2026-05-24T03:05:26Z,skipped,data/pdf/1225271242.pdf,,
1225270915,002558,巨人网络,szse,2026-04-30,关于收到重庆证监局行政监管措施决定书的公告,01010503||010112||012317,regulatory_measure,http://static.cninfo.com.cn/finalpage/2026-05-01/1225270915.PDF,http://static.cninfo.com.cn/finalpage/2026-05-01/1225270915.PDF,finalpage/2026-05-01/1225270915.PDF,监管措施决定书,监管措施决定书|行政监管措施,cninfo,2026-05-24T03:05:26Z,skipped,data/pdf/1225270915.pdf,,
1225274858,002898,*ST赛隆,szse,2026-04-30,关于对深圳证券交易所关注函的回复公告,01010503||010112||012399,reply,http://static.cninfo.com.cn/finalpage/2026-04-30/1225274858.PDF,http://static.cninfo.com.cn/finalpage/2026-04-30/1225274858.PDF,finalpage/2026-04-30/1225274858.PDF,关注函,关注函,cninfo,2026-05-24T03:05:26Z,skipped,data/pdf/1225274858.pdf,,
1225273514,300020,ST银江,sse,2026-04-30,关于对深圳证券交易所年报问询函的回复公告,01010503||010112||010115||012399,reply,http://static.cninfo.com.cn/finalpage/2026-04-30/1225273514.PDF,http://static.cninfo.com.cn/finalpage/2026-04-30/1225273514.PDF,finalpage/2026-04-30/1225273514.PDF,年报问询,年报问询,cninfo,2026-05-24T03:05:26Z,skipped,data/pdf/1225273514.pdf,,
1225273502,601933,永辉超市,sse,2026-04-30,关于永辉超市股份有限公司申请向特定对象发行股票的审核问询函的回复,010109||010113||0129,reply,http://static.cninfo.com.cn/finalpage/2026-05-01/1225273502.PDF,http://static.cninfo.com.cn/finalpage/2026-05-01/1225273502.PDF,finalpage/2026-05-01/1225273502.PDF,回复,回复,cninfo,2026-05-24T03:05:26Z,skipped,data/pdf/1225273502.pdf,,
1225269357,300534,陇神戎发,szse,2026-04-29,关于收到甘肃证监局对公司采取责令改正并出具警示函、对相关责任人员采取监管谈话并出具警示函措施的公告,01010503||010112||010115||012399,regulatory_measure,http://static.cninfo.com.cn/finalpage/2026-04-30/1225269357.PDF,http://static.cninfo.com.cn/finalpage/2026-04-30/1225269357.PDF,finalpage/2026-04-30/1225269357.PDF,警示函,监管谈话|警示函|责令改正,cninfo,2026-05-24T03:05:26Z,skipped,data/pdf/1225269357.pdf,,
1225269209,603398,*ST沐邦,szse,2026-04-29,关于上海证券交易所纪律处分决定书的整改报告,01010503||010113||012317,regulatory_measure,http://static.cninfo.com.cn/finalpage/2026-04-30/1225269209.PDF,http://static.cninfo.com.cn/finalpage/2026-04-30/1225269209.PDF,finalpage/2026-04-30/1225269209.PDF,整改报告,整改报告,cninfo,2026-05-24T03:05:26Z,skipped,data/pdf/1225269209.pdf,,
1225268090,603378,亚士创能,szse,2026-04-29,亚士创能关于收到行政监管措施决定书的公告,01010503||010113||012399,regulatory_measure,http://static.cninfo.com.cn/finalpage/2026-04-30/1225268090.PDF,http://static.cninfo.com.cn/finalpage/2026-04-30/1225268090.PDF,finalpage/2026-04-30/1225268090.PDF,监管措施决定书,监管措施决定书|行政监管措施,cninfo,2026-05-24T03:05:26Z,skipped,data/pdf/1225268090.pdf,,
1225264631,600076,康欣新材,sse,2026-04-29,关于公司及相关人员收到山东证监局警示函的公告,01010503||010113||012399,regulatory_measure,http://static.cninfo.com.cn/finalpage/2026-04-30/1225264631.PDF,http://static.cninfo.com.cn/finalpage/2026-04-30/1225264631.PDF,finalpage/2026-04-30/1225264631.PDF,警示函,警示函,cninfo,2026-05-24T03:05:26Z,skipped,data/pdf/1225264631.pdf,,
1225257798,002038,双鹭药业,szse,2026-04-29,关于公司及相关责任人收到北京证监局行政监管措施决定书的公告,01010503||010112||012399,regulatory_measure,http://static.cninfo.com.cn/finalpage/2026-04-30/1225257798.PDF,http://static.cninfo.com.cn/finalpage/2026-04-30/1225257798.PDF,finalpage/2026-04-30/1225257798.PDF,监管措施决定书,监管措施决定书|行政监管措施,cninfo,2026-05-24T03:05:26Z,skipped,data/pdf/1225257798.pdf,,
1225256148,600589,大位科技,sse,2026-04-29,关于收到中国证券监督管理委员会广东监管局《行政监管措施决定书》的公告,01010503||010113||012399,regulatory_measure,http://static.cninfo.com.cn/finalpage/2026-04-30/1225256148.PDF,http://static.cninfo.com.cn/finalpage/2026-04-30/1225256148.PDF,finalpage/2026-04-30/1225256148.PDF,行政监管措施,监管措施决定书|行政监管措施,cninfo,2026-05-24T03:05:26Z,skipped,data/pdf/1225256148.pdf,,
1225268858,002898,*ST赛隆,szse,2026-04-29,关于延期回复深圳证券交易所关注函的公告,01010503||010112||012399,reply,http://static.cninfo.com.cn/finalpage/2026-04-30/1225268858.PDF,http://static.cninfo.com.cn/finalpage/2026-04-30/1225268858.PDF,finalpage/2026-04-30/1225268858.PDF,关注函,关注函|延期回复,cninfo,2026-05-24T03:05:26Z,skipped,data/pdf/1225268858.pdf,,
1225266937,002742,*ST三圣,sse,2026-04-29,关于对深圳证券交易所2025年年报问询函回复的公告,01010503||010112||012399,reply,http://static.cninfo.com.cn/finalpage/2026-04-30/1225266937.PDF,http://static.cninfo.com.cn/finalpage/2026-04-30/1225266937.PDF,finalpage/2026-04-30/1225266937.PDF,年报问询,年报问询,cninfo,2026-05-24T03:05:26Z,skipped,data/pdf/1225266937.pdf,,
1225257174,688347,华虹公司,szse,2026-04-29,关于延期回复《关于华虹半导体有限公司发行股份及支付现金购买资产并募集配套资金暨关联交易申请的审核问询函》的公告,01010503||010123||010799||011701||011719||012399,reply,http://static.cninfo.com.cn/finalpage/2026-04-30/1225257174.PDF,http://static.cninfo.com.cn/finalpage/2026-04-30/1225257174.PDF,finalpage/2026-04-30/1225257174.PDF,延期回复,延期回复,cninfo,2026-05-24T03:05:26Z,skipped,data/pdf/1225257174.pdf,,
1225267365,920152,昆工科技,sse,2026-04-28,关于公司收到中国证券监督管理委员会云南监管局行政监管措施决定书的公告,01010503||010129||012399,regulatory_measure,http://static.cninfo.com.cn/finalpage/2026-04-29/1225267365.PDF,http://static.cninfo.com.cn/finalpage/2026-04-29/1225267365.PDF,finalpage/2026-04-29/1225267365.PDF,行政监管措施,监管措施决定书|行政监管措施,cninfo,2026-05-24T03:05:26Z,skipped,data/pdf/1225267365.pdf,,
1225247103,300086,康芝药业,szse,2026-04-28,关于海南证监局对公司采取责令改正措施决定的整改报告,01010503||010112||010115||012317,regulatory_measure,http://static.cninfo.com.cn/finalpage/2026-04-29/1225247103.PDF,http://static.cninfo.com.cn/finalpage/2026-04-29/1225247103.PDF,finalpage/2026-04-29/1225247103.PDF,责令改正,整改报告|责令改正,cninfo,2026-05-24T03:05:26Z,skipped,data/pdf/1225247103.pdf,,
1225246336,002657,中科金财,sse,2026-04-28,关于公司及相关人员收到北京证监局警示函的公告,01010503||010112||012399,regulatory_measure,http://static.cninfo.com.cn/finalpage/2026-04-29/1225246336.PDF,http://static.cninfo.com.cn/finalpage/2026-04-29/1225246336.PDF,finalpage/2026-04-29/1225246336.PDF,警示函,警示函,cninfo,2026-05-24T03:05:26Z,skipped,data/pdf/1225246336.pdf,,
1225246218,002785,万里石,sse,2026-04-28,关于收到厦门证监局行政监管措施决定书的公告,01010503||010112||012399,regulatory_measure,http://static.cninfo.com.cn/finalpage/2026-04-29/1225246218.PDF,http://static.cninfo.com.cn/finalpage/2026-04-29/1225246218.PDF,finalpage/2026-04-29/1225246218.PDF,行政监管措施,监管措施决定书|行政监管措施,cninfo,2026-05-24T03:05:26Z,skipped,data/pdf/1225246218.pdf,,
1225244872,300781,因赛集团,sse,2026-04-28,关于收到广东证监局警示函的公告,01010503||010112||010115||012399,regulatory_measure,http://static.cninfo.com.cn/finalpage/2026-04-29/1225244872.PDF,http://static.cninfo.com.cn/finalpage/2026-04-29/1225244872.PDF,finalpage/2026-04-29/1225244872.PDF,警示函,警示函,cninfo,2026-05-24T03:05:26Z,skipped,data/pdf/1225244872.pdf,,
1225233622,002808,*ST恒久,szse,2026-04-28,关于延期回复深圳证券交易所关注函的公告,01010503||010112||012399,reply,http://static.cninfo.com.cn/finalpage/2026-04-29/1225233622.PDF,http://static.cninfo.com.cn/finalpage/2026-04-29/1225233622.PDF,finalpage/2026-04-29/1225233622.PDF,关注函,关注函|延期回复,cninfo,2026-05-24T03:05:26Z,skipped,data/pdf/1225233622.pdf,,
1225225786,603931,格林达,szse,2026-04-28,公司控股股东关于《杭州格林达电子材料股份有限公司股票交易异常波动问询函》的回函,01010501||010113||012399,reply,http://static.cninfo.com.cn/finalpage/2026-04-29/1225225786.PDF,http://static.cninfo.com.cn/finalpage/2026-04-29/1225225786.PDF,finalpage/2026-04-29/1225225786.PDF,回函,回函,cninfo,2026-05-24T03:05:26Z,skipped,data/pdf/1225225786.pdf,,
1225225773,603931,格林达,szse,2026-04-28,公司实控人关于《杭州格林达电子材料股份有限公司股票交易异常波动问询函》的回函,01010501||010113||012399,reply,http://static.cninfo.com.cn/finalpage/2026-04-29/1225225773.PDF,http://static.cninfo.com.cn/finalpage/2026-04-29/1225225773.PDF,finalpage/2026-04-29/1225225773.PDF,回函,回函,cninfo,2026-05-24T03:05:26Z,skipped,data/pdf/1225225773.pdf,,
1225252677,920405,海希通讯,szse,2026-04-27,董事会关于关联方非经营性资金占用的自查报告及整改报告,01010503||010129||012317,regulatory_measure,http://static.cninfo.com.cn/finalpage/2026-04-28/1225252677.PDF,http://static.cninfo.com.cn/finalpage/2026-04-28/1225252677.PDF,finalpage/2026-04-28/1225252677.PDF,整改报告,整改报告,cninfo,2026-05-24T03:05:26Z,skipped,data/pdf/1225252677.pdf,,
1225222315,002789,*ST建艺,szse,2026-04-27,关于行政监管措施决定书的整改报告,01010503||010112||012317,regulatory_measure,http://static.cninfo.com.cn/finalpage/2026-04-28/1225222315.PDF,http://static.cninfo.com.cn/finalpage/2026-04-28/1225222315.PDF,finalpage/2026-04-28/1225222315.PDF,整改报告,整改报告|监管措施决定书|行政监管措施,cninfo,2026-05-24T03:05:26Z,skipped,data/pdf/1225222315.pdf,,
1225219879,300245,天玑科技,szse,2026-04-27,关于自查非经营性资金占用情况及整改报告的公告,01010503||010112||010115||012317||012399,regulatory_measure,http://static.cninfo.com.cn/finalpage/2026-04-28/1225219879.PDF,http://static.cninfo.com.cn/finalpage/2026-04-28/1225219879.PDF,finalpage/2026-04-28/1225219879.PDF,整改报告,整改报告,cninfo,2026-05-24T03:05:26Z,skipped,data/pdf/1225219879.pdf,,
1225212106,002360,同德化工,sse,2026-04-27,关于公司及相关责任人收到山西证监局行政监管措施决定书的公告,01010503||010112||012399,regulatory_measure,http://static.cninfo.com.cn/finalpage/2026-04-28/1225212106.PDF,http://static.cninfo.com.cn/finalpage/2026-04-28/1225212106.PDF,finalpage/2026-04-28/1225212106.PDF,行政监管措施,监管措施决定书|行政监管措施,cninfo,2026-05-24T03:05:26Z,skipped,data/pdf/1225212106.pdf,,
1225211966,300982,苏文电能,sse,2026-04-27,关于公司及相关人员收到江苏证监局行政监管措施决定书的公告,01010503||010112||010115||012399,regulatory_measure,http://static.cninfo.com.cn/finalpage/2026-04-27/1225211966.PDF,http://static.cninfo.com.cn/finalpage/2026-04-27/1225211966.PDF,finalpage/2026-04-27/1225211966.PDF,监管措施决定书,监管措施决定书,cninfo,2026-05-24T03:05:26Z,skipped,data/pdf/1225211966.pdf,,
1225205985,002779,中坚科技,sse,2026-04-27,关于收到中国证券监督管理委员会浙江证监局警示函的公告,01010503||010112||012399,regulatory_measure,http://static.cninfo.com.cn/finalpage/2026-04-28/1225205985.PDF,http://static.cninfo.com.cn/finalpage/2026-04-28/1225205985.PDF,finalpage/2026-04-28/1225205985.PDF,警示函,警示函,cninfo,2026-05-24T03:05:26Z,skipped,data/pdf/1225205985.pdf,,
1225198955,603023,威帝股份,szse,2026-04-27,哈尔滨威帝电子股份有限公司关于延期回复上海证券交易所《关于对哈尔滨威帝电子股份有限公司重大资产重组草案的信息披露问询函》的公告,01010503||010113||012399,reply,http://static.cninfo.com.cn/finalpage/2026-04-28/1225198955.PDF,http://static.cninfo.com.cn/finalpage/2026-04-28/1225198955.PDF,finalpage/2026-04-28/1225198955.PDF,延期回复,延期回复,cninfo,2026-05-24T03:05:26Z,skipped,data/pdf/1225198955.pdf,,
1225191570,603863,松炀资源,sse,2026-04-24,广东松炀再生资源股份有限公司关于收到中国证券监督管理委员会广东监管局行政监管措施决定书的公告,01010503||010113||012399,regulatory_measure,http://static.cninfo.com.cn/finalpage/2026-04-25/1225191570.PDF,http://static.cninfo.com.cn/finalpage/2026-04-25/1225191570.PDF,finalpage/2026-04-25/1225191570.PDF,监管措施决定书,监管措施决定书,cninfo,2026-05-24T03:05:26Z,skipped,data/pdf/1225191570.pdf,,
1225191552,603863,松炀资源,sse,2026-04-24,广东松炀再生资源股份有限公司关于对广东证监局行政监管措施决定书的整改报告,01010503||010113||012317,regulatory_measure,http://static.cninfo.com.cn/finalpage/2026-04-25/1225191552.PDF,http://static.cninfo.com.cn/finalpage/2026-04-25/1225191552.PDF,finalpage/2026-04-25/1225191552.PDF,监管措施决定书,整改报告|监管措施决定书,cninfo,2026-05-24T03:05:26Z,skipped,data/pdf/1225191552.pdf,,
1225188351,000829,天音控股,sse,2026-04-24,关于收到江西证监局行政监管措施决定书及深圳证券交易所监管函的公告,01010503||010112||012399,regulatory_measure,http://static.cninfo.com.cn/finalpage/2026-04-25/1225188351.PDF,http://static.cninfo.com.cn/finalpage/2026-04-25/1225188351.PDF,finalpage/2026-04-25/1225188351.PDF,监管措施决定书,监管措施决定书,cninfo,2026-05-24T03:05:26Z,skipped,data/pdf/1225188351.pdf,,
1225184758,002059,云南旅游,szse,2026-04-24,公司关于收到云南证监局对公司采取责令改正措施决定的公告,01010503||010112||012399,regulatory_measure,http://static.cninfo.com.cn/finalpage/2026-04-25/1225184758.pdf,http://static.cninfo.com.cn/finalpage/2026-04-25/1225184758.pdf,finalpage/2026-04-25/1225184758.pdf,责令改正,责令改正,cninfo,2026-05-24T03:05:26Z,skipped,data/pdf/1225184758.pdf,,
1225190456,002898,*ST赛隆,sse,2026-04-24,关于延期回复深圳证券交易所关注函的公告,01010503||010112||012399,reply,http://static.cninfo.com.cn/finalpage/2026-04-25/1225190456.PDF,http://static.cninfo.com.cn/finalpage/2026-04-25/1225190456.PDF,finalpage/2026-04-25/1225190456.PDF,关注函,关注函|延期回复,cninfo,2026-05-24T03:05:26Z,skipped,data/pdf/1225190456.pdf,,
1225176816,603014,威高血净,sse,2026-04-24,山东威高血液净化制品股份有限公司关于延期回复《关于山东威高血液净化制品股份有限公司发行股份购买资产暨关联交易申请的审核问询函》的公告,01010503||010113||011701||011719||012399,reply,http://static.cninfo.com.cn/finalpage/2026-04-25/1225176816.PDF,http://static.cninfo.com.cn/finalpage/2026-04-25/1225176816.PDF,finalpage/2026-04-25/1225176816.PDF,延期回复,延期回复,cninfo,2026-05-24T03:05:26Z,skipped,data/pdf/1225176816.pdf,,
1225171051,301357,北方长龙,szse,2026-04-23,关于陕西证监局对公司采取责令改正措施决定的整改报告,01010503||010112||010115||012317,regulatory_measure,http://static.cninfo.com.cn/finalpage/2026-04-24/1225171051.PDF,http://static.cninfo.com.cn/finalpage/2026-04-24/1225171051.PDF,finalpage/2026-04-24/1225171051.PDF,责令改正,整改报告|责令改正,cninfo,2026-05-24T03:05:26Z,skipped,data/pdf/1225171051.pdf,,
1225154585,603226,菲林格尔,sse,2026-04-22,关于上海证监局行政监管措施决定书的整改报告,01010503||010113||012317,regulatory_measure,http://static.cninfo.com.cn/finalpage/2026-04-23/1225154585.PDF,http://static.cninfo.com.cn/finalpage/2026-04-23/1225154585.PDF,finalpage/2026-04-23/1225154585.PDF,整改报告,整改报告,cninfo,2026-05-24T03:05:26Z,skipped,data/pdf/1225154585.pdf,,
1225159560,920242,建邦科技,sse,2026-04-22,关于延期回复北京证券交易所审核问询函的公告,01010503||010129||012399,reply,http://static.cninfo.com.cn/finalpage/2026-04-23/1225159560.PDF,http://static.cninfo.com.cn/finalpage/2026-04-23/1225159560.PDF,finalpage/2026-04-23/1225159560.PDF,延期回复,延期回复,cninfo,2026-05-24T03:05:26Z,skipped,data/pdf/1225159560.pdf,,
1225147742,605365,立达信,sse,2026-04-22,控股股东、实际控制人关于立达信物联科技股份有限公司股价异动的问询函之回函,01010501||010113||012399,reply,http://static.cninfo.com.cn/finalpage/2026-04-23/1225147742.PDF,http://static.cninfo.com.cn/finalpage/2026-04-23/1225147742.PDF,finalpage/2026-04-23/1225147742.PDF,回函,回函,cninfo,2026-05-24T03:05:26Z,skipped,data/pdf/1225147742.pdf,,
1225147343,603168,莎普爱思,sse,2026-04-22,浙江莎普爱思药业股份有限公司关于延期回复上海证券交易所问询函的公告,01010503||010113||012399,reply,http://static.cninfo.com.cn/finalpage/2026-04-23/1225147343.PDF,http://static.cninfo.com.cn/finalpage/2026-04-23/1225147343.PDF,finalpage/2026-04-23/1225147343.PDF,延期回复,延期回复,cninfo,2026-05-24T03:05:26Z,skipped,data/pdf/1225147343.pdf,,
1225140950,600735,ST新华锦,szse,2026-04-21,新华锦关于无法在责令改正期限内完成资金占用整改暨公司股票停牌的进展公告,01010503||010113||012317||012399,regulatory_measure,http://static.cninfo.com.cn/finalpage/2026-04-22/1225140950.PDF,http://static.cninfo.com.cn/finalpage/2026-04-22/1225140950.PDF,finalpage/2026-04-22/1225140950.PDF,责令改正,责令改正,cninfo,2026-05-24T03:05:26Z,skipped,data/pdf/1225140950.pdf,,
1225139046,600759,洲际油气,sse,2026-04-21,洲际油气股份有限公司关于收到海南监管局对公司采取责令改正措施的决定的公告,01010503||010113||012399,regulatory_measure,http://static.cninfo.com.cn/finalpage/2026-04-22/1225139046.PDF,http://static.cninfo.com.cn/finalpage/2026-04-22/1225139046.PDF,finalpage/2026-04-22/1225139046.PDF,责令改正,责令改正,cninfo,2026-05-24T03:05:26Z,skipped,data/pdf/1225139046.pdf,,
1225122306,601118,海南橡胶,sse,2026-04-17,关于海南证监局对公司采取责令改正措施的整改报告,01010503||010113||012317,regulatory_measure,http://static.cninfo.com.cn/finalpage/2026-04-18/1225122306.PDF,http://static.cninfo.com.cn/finalpage/2026-04-18/1225122306.PDF,finalpage/2026-04-18/1225122306.PDF,责令改正,整改报告|责令改正,cninfo,2026-05-24T03:05:26Z,skipped,data/pdf/1225122306.pdf,,
1225116406,002301,齐心集团,sse,2026-04-17,关于深圳证监局对公司采取责令改正措施决定的整改报告,01010503||010112||012317,regulatory_measure,http://static.cninfo.com.cn/finalpage/2026-04-18/1225116406.PDF,http://static.cninfo.com.cn/finalpage/2026-04-18/1225116406.PDF,finalpage/2026-04-18/1225116406.PDF,责令改正,整改报告|责令改正,cninfo,2026-05-24T03:05:26Z,skipped,data/pdf/1225116406.pdf,,
1225115041,688230,芯导科技,sse,2026-04-17,关于延期回复《关于上海芯导电子科技股份有限公司发行可转换公司债券及支付现金购买资产并募集配套资金申请的审核问询函》的公告,01010503||010123||010999||011701||012399,reply,http://static.cninfo.com.cn/finalpage/2026-04-18/1225115041.PDF,http://static.cninfo.com.cn/finalpage/2026-04-18/1225115041.PDF,finalpage/2026-04-18/1225115041.PDF,延期回复,延期回复,cninfo,2026-05-24T03:05:26Z,skipped,data/pdf/1225115041.pdf,,
1225101112,600735,ST新华锦,sse,2026-04-14,新华锦关于无法在责令改正期限内完成资金占用整改暨公司股票停牌的进展公告,01010503||010113||012317||012399,regulatory_measure,http://static.cninfo.com.cn/finalpage/2026-04-15/1225101112.PDF,http://static.cninfo.com.cn/finalpage/2026-04-15/1225101112.PDF,finalpage/2026-04-15/1225101112.PDF,责令改正,责令改正,cninfo,2026-05-24T03:05:26Z,skipped,data/pdf/1225101112.pdf,,
1225099083,600743,华远控股,sse,2026-04-13,北京市华远集团有限公司对《北京华远新航控股股份有限公司关于股票交易异常波动的问询函》的回函,01010501||010113||012399,reply,http://static.cninfo.com.cn/finalpage/2026-04-14/1225099083.PDF,http://static.cninfo.com.cn/finalpage/2026-04-14/1225099083.PDF,finalpage/2026-04-14/1225099083.PDF,回函,回函,cninfo,2026-05-24T03:05:26Z,skipped,data/pdf/1225099083.pdf,,
1225095078,002219,新里程,szse,2026-04-10,关于收到甘肃证监局对公司采取责令改正并出具警示函、对相关责任人员采取监管谈话并出具警示函措施的公告,01010503||010112||012399,regulatory_measure,http://static.cninfo.com.cn/finalpage/2026-04-11/1225095078.PDF,http://static.cninfo.com.cn/finalpage/2026-04-11/1225095078.PDF,finalpage/2026-04-11/1225095078.PDF,监管谈话,监管谈话,cninfo,2026-05-24T03:05:26Z,skipped,data/pdf/1225095078.pdf,,
1225095694,300152,ST新动力,sse,2026-04-10,关于对深圳证券交易所关注函的回复公告,01010503||010112||010115||012399,reply,http://static.cninfo.com.cn/finalpage/2026-04-10/1225095694.PDF,http://static.cninfo.com.cn/finalpage/2026-04-10/1225095694.PDF,finalpage/2026-04-10/1225095694.PDF,关注函,关注函,cninfo,2026-05-24T03:05:26Z,skipped,data/pdf/1225095694.pdf,,
1225088074,600743,华远控股,sse,2026-04-09,北京市华远集团有限公司对《北京华远新航控股股份有限公司关于股票交易异常波动的问询函》的回函,01010501||010113||012399,reply,http://static.cninfo.com.cn/finalpage/2026-04-10/1225088074.PDF,http://static.cninfo.com.cn/finalpage/2026-04-10/1225088074.PDF,finalpage/2026-04-10/1225088074.PDF,回函,回函,cninfo,2026-05-24T03:05:26Z,skipped,data/pdf/1225088074.pdf,,
1225067315,688288,鸿泉技术,sse,2026-03-31,鸿泉技术：关于《杭州鸿泉物联网技术股份有限公司股票交易异常波动问询函》的回函,01010501||010123||012399,reply,http://static.cninfo.com.cn/finalpage/2026-04-01/1225067315.PDF,http://static.cninfo.com.cn/finalpage/2026-04-01/1225067315.PDF,finalpage/2026-04-01/1225067315.PDF,回函,回函,cninfo,2026-05-24T03:05:26Z,skipped,data/pdf/1225067315.pdf,,
1225043135,920469,富恒新材,sse,2026-03-26,关于深圳证监局对公司采取责令改正措施的决定的整改报告,01010503||010129||012317,regulatory_measure,http://static.cninfo.com.cn/finalpage/2026-03-27/1225043135.PDF,http://static.cninfo.com.cn/finalpage/2026-03-27/1225043135.PDF,finalpage/2026-03-27/1225043135.PDF,整改报告,整改报告,cninfo,2026-05-24T03:05:26Z,skipped,data/pdf/1225043135.pdf,,
1225029851,000530,冰山冷热,sse,2026-03-25,关于大连证监局对公司及相关人员采取责令改正监管措施的整改报告,01010503||010112||012317,regulatory_measure,http://static.cninfo.com.cn/finalpage/2026-03-26/1225029851.PDF,http://static.cninfo.com.cn/finalpage/2026-03-26/1225029851.PDF,finalpage/2026-03-26/1225029851.PDF,整改报告,整改报告,cninfo,2026-05-24T03:05:26Z,skipped,data/pdf/1225029851.pdf,,
1224994358,600127,金健米业,sse,2026-03-03,金健米业关于对湖南证监局行政监管措施决定相关事项的整改报告,01010503||010113||012317,regulatory_measure,http://static.cninfo.com.cn/finalpage/2026-03-04/1224994358.PDF,http://static.cninfo.com.cn/finalpage/2026-03-04/1224994358.PDF,finalpage/2026-03-04/1224994358.PDF,整改报告,整改报告,cninfo,2026-05-24T03:05:26Z,skipped,data/pdf/1224994358.pdf,,
1224970104,301556,托普云农,szse,2026-02-06,关于公司股东收到浙江证监局监管谈话措施决定的公告,01010503||010112||010115||012399,regulatory_measure,http://static.cninfo.com.cn/finalpage/2026-02-06/1224970104.PDF,http://static.cninfo.com.cn/finalpage/2026-02-06/1224970104.PDF,finalpage/2026-02-06/1224970104.PDF,监管谈话,监管谈话,cninfo,2026-05-24T03:05:26Z,skipped,data/pdf/1224970104.pdf,,
1224964990,002996,顺博合金,sse,2026-02-03,中证鹏元关于关注重庆顺博铝合金股份有限公司及相关责任人员收到重庆证监局行政监管措施决定书及深圳证券交易所监管函的公告,01010503||010112||012399,regulatory_measure,http://static.cninfo.com.cn/finalpage/2026-02-04/1224964990.PDF,http://static.cninfo.com.cn/finalpage/2026-02-04/1224964990.PDF,finalpage/2026-02-04/1224964990.PDF,关注函,关注函,cninfo,2026-05-24T03:05:26Z,skipped,data/pdf/1224964990.pdf,,
1224951756,300152,ST新动力,sse,2026-01-27,关于延期回复深圳证券交易所关注函的公告,01010503||010112||010115||012399,reply,http://static.cninfo.com.cn/finalpage/2026-01-27/1224951756.PDF,http://static.cninfo.com.cn/finalpage/2026-01-27/1224951756.PDF,finalpage/2026-01-27/1224951756.PDF,关注函,关注函,cninfo,2026-05-24T03:05:26Z,skipped,data/pdf/1224951756.pdf,,
1224950332,688596,正帆科技,szse,2026-01-26,中证鹏元关于关注上海正帆科技股份有限公司收到上海证监局警示函及上海证券交易所监管警示的公告,01010503||010123||012399,regulatory_measure,http://static.cninfo.com.cn/finalpage/2026-01-27/1224950332.PDF,http://static.cninfo.com.cn/finalpage/2026-01-27/1224950332.PDF,finalpage/2026-01-27/1224950332.PDF,关注函,关注函,cninfo,2026-05-24T03:05:26Z,skipped,data/pdf/1224950332.pdf,,
1224913376,301280,珠城科技,szse,2025-12-31,关于公司收到浙江证监局警示函及相关人员收到监管谈话措施决定的公告,01010503||010112||010115||012399,regulatory_measure,http://static.cninfo.com.cn/finalpage/2025-12-31/1224913376.PDF,http://static.cninfo.com.cn/finalpage/2025-12-31/1224913376.PDF,finalpage/2025-12-31/1224913376.PDF,监管谈话,监管谈话,cninfo,2026-05-24T03:05:26Z,skipped,data/pdf/1224913376.pdf,,
1224901629,002672,东江环保,sse,2025-12-26,关于收到深圳证监局监管谈话措施决定的公告,01010503||010112||012399,regulatory_measure,http://static.cninfo.com.cn/finalpage/2025-12-27/1224901629.PDF,http://static.cninfo.com.cn/finalpage/2025-12-27/1224901629.PDF,finalpage/2025-12-27/1224901629.PDF,监管谈话,监管谈话,cninfo,2026-05-24T03:05:26Z,skipped,data/pdf/1224901629.pdf,,
1224900074,300424,航新科技,szse,2025-12-26,新世纪评级关于广州航新航空科技股份有限公司及相关人员收到广东证监局警示函的关注公告,01010503||010112||010115||012399,regulatory_measure,http://static.cninfo.com.cn/finalpage/2025-12-26/1224900074.PDF,http://static.cninfo.com.cn/finalpage/2025-12-26/1224900074.PDF,finalpage/2025-12-26/1224900074.PDF,关注函,关注函,cninfo,2026-05-24T03:05:26Z,skipped,data/pdf/1224900074.pdf,,
1224895421,603730,岱美股份,szse,2025-12-24,中证鹏元关于关注上海岱美汽车内饰件股份有限公司及有关责任人收到上海证监局警示函及上交所监管警示的公告,01010503||010113||012399,regulatory_measure,http://static.cninfo.com.cn/finalpage/2025-12-25/1224895421.PDF,http://static.cninfo.com.cn/finalpage/2025-12-25/1224895421.PDF,finalpage/2025-12-25/1224895421.PDF,关注函,关注函,cninfo,2026-05-24T03:05:26Z,skipped,data/pdf/1224895421.pdf,,
1224888882,002586,*ST围海,szse,2025-12-19,关于深圳证券交易所关注函回复的公告,01010503||010112||012399,reply,http://static.cninfo.com.cn/finalpage/2025-12-20/1224888882.PDF,http://static.cninfo.com.cn/finalpage/2025-12-20/1224888882.PDF,finalpage/2025-12-20/1224888882.PDF,关注函,关注函,cninfo,2026-05-24T03:05:26Z,skipped,data/pdf/1224888882.pdf,,
1224853200,301216,万凯新材,szse,2025-12-05,中证鹏元关于关注万凯新材料股份有限公司及相关人员收到浙江证监局警示函及深交所监管函的公告,01010503||010112||010115||012399,regulatory_measure,http://static.cninfo.com.cn/finalpage/2025-12-06/1224853200.PDF,http://static.cninfo.com.cn/finalpage/2025-12-06/1224853200.PDF,finalpage/2025-12-06/1224853200.PDF,关注函,关注函,cninfo,2026-05-24T03:05:26Z,skipped,data/pdf/1224853200.pdf,,
1224836366,000998,隆平高科,sse,2025-11-28,关于收到湖南证监局对公司采取责令改正并对相关人员采取监管谈话措施决定的公告,01010503||010112||012399,regulatory_measure,http://static.cninfo.com.cn/finalpage/2025-11-29/1224836366.PDF,http://static.cninfo.com.cn/finalpage/2025-11-29/1224836366.PDF,finalpage/2025-11-29/1224836366.PDF,监管谈话,监管谈话,cninfo,2026-05-24T03:05:26Z,skipped,data/pdf/1224836366.pdf,,
1224794424,603696,安记食品,sse,2025-11-07,安记食品股份有限公司关于公司及相关负责人收到福建证监局采取责令改正措施和监管谈话措施的公告,01010503||010113||012399,regulatory_measure,http://static.cninfo.com.cn/finalpage/2025-11-08/1224794424.pdf,http://static.cninfo.com.cn/finalpage/2025-11-08/1224794424.pdf,finalpage/2025-11-08/1224794424.pdf,监管谈话,监管谈话,cninfo,2026-05-24T03:05:26Z,skipped,data/pdf/1224794424.pdf,,
1224754651,600158,中体产业,sse,2025-10-28,关于收到天津证监局对公司采取责令改正并对相关责任人采取监管谈话措施决定的公告,01010503||010113||012399,regulatory_measure,http://static.cninfo.com.cn/finalpage/2025-10-29/1224754651.PDF,http://static.cninfo.com.cn/finalpage/2025-10-29/1224754651.PDF,finalpage/2025-10-29/1224754651.PDF,监管谈话,监管谈话,cninfo,2026-05-24T03:05:26Z,skipped,data/pdf/1224754651.pdf,,
1224713330,300555,ST路通,szse,2025-10-15,无锡路通视信网络股份有限公司关于深圳证券交易所关注函的回复公告,01010503||010112||010115||012399,reply,http://static.cninfo.com.cn/finalpage/2025-10-15/1224713330.PDF,http://static.cninfo.com.cn/finalpage/2025-10-15/1224713330.PDF,finalpage/2025-10-15/1224713330.PDF,关注函,关注函,cninfo,2026-05-24T03:05:26Z,skipped,data/pdf/1224713330.pdf,,
1224704748,300125,*ST聆达,szse,2025-10-10,关于收到大连证监局《监管关注函》的整改报告,01010503||010112||010115||012317||012399,regulatory_measure,http://static.cninfo.com.cn/finalpage/2025-10-10/1224704748.PDF,http://static.cninfo.com.cn/finalpage/2025-10-10/1224704748.PDF,finalpage/2025-10-10/1224704748.PDF,关注函,关注函,cninfo,2026-05-24T03:05:26Z,skipped,data/pdf/1224704748.pdf,,
1224659749,300125,*ST聆达,szse,2025-09-15,关于收到大连证监局《监管关注函》的公告,01010503||010112||010115||012399,attention_letter,http://static.cninfo.com.cn/finalpage/2025-09-16/1224659749.PDF,http://static.cninfo.com.cn/finalpage/2025-09-16/1224659749.PDF,finalpage/2025-09-16/1224659749.PDF,关注函,关注函,cninfo,2026-05-24T03:05:26Z,skipped,data/pdf/1224659749.pdf,,
1224636453,300185,通裕重工,szse,2025-09-03,新世纪评级关于通裕重工股份有限公司收到深交所监管函和山东证监局警示函的关注公告,01010503||010112||010115||012399,regulatory_measure,http://static.cninfo.com.cn/finalpage/2025-09-04/1224636453.PDF,http://static.cninfo.com.cn/finalpage/2025-09-04/1224636453.PDF,finalpage/2025-09-04/1224636453.PDF,关注函,关注函,cninfo,2026-05-24T03:05:26Z,skipped,data/pdf/1224636453.pdf,,
1224517046,002276,万马股份,szse,2025-08-19,联合资信评估股份有限公司关于浙江万马股份有限公司及相关人员收到《警示函》及《监管函》的关注公告,01010501||010112||013999,regulatory_measure,http://static.cninfo.com.cn/finalpage/2025-08-19/1224517046.pdf,http://static.cninfo.com.cn/finalpage/2025-08-19/1224517046.pdf,finalpage/2025-08-19/1224517046.pdf,关注函,关注函,cninfo,2026-05-24T03:05:26Z,skipped,data/pdf/1224517046.pdf,,
1224237659,300555,ST路通,szse,2025-07-21,无锡路通视信网络股份有限公司关于深圳证券交易所关注函的回复公告,01010503||010112||010115||012399,reply,http://static.cninfo.com.cn/finalpage/2025-07-21/1224237659.PDF,http://static.cninfo.com.cn/finalpage/2025-07-21/1224237659.PDF,finalpage/2025-07-21/1224237659.PDF,关注函,关注函,cninfo,2026-05-24T03:05:26Z,skipped,data/pdf/1224237659.pdf,,
1224145134,300555,ST路通,szse,2025-07-11,无锡路通视信网络股份有限公司关于深圳证券交易所关注函的回复公告,01010503||010112||010115||012399,reply,http://static.cninfo.com.cn/finalpage/2025-07-11/1224145134.PDF,http://static.cninfo.com.cn/finalpage/2025-07-11/1224145134.PDF,finalpage/2025-07-11/1224145134.PDF,关注函,关注函,cninfo,2026-05-24T03:05:26Z,skipped,data/pdf/1224145134.pdf,,
1224118386,301193,家联科技,szse,2025-07-09,中证鹏元关于关注宁波家联科技股份有限公司及相关人员收到警示函及监管谈话的公告,01010503||010112||010115||012399,regulatory_measure,http://static.cninfo.com.cn/finalpage/2025-07-09/1224118386.PDF,http://static.cninfo.com.cn/finalpage/2025-07-09/1224118386.PDF,finalpage/2025-07-09/1224118386.PDF,关注函,关注函,cninfo,2026-05-24T03:05:26Z,skipped,data/pdf/1224118386.pdf,,
1224091638,300555,ST路通,szse,2025-07-07,无锡路通视信网络股份有限公司关于延期回复深圳证券交易所关注函的公告,01010503||010112||010115||012399,reply,http://static.cninfo.com.cn/finalpage/2025-07-07/1224091638.PDF,http://static.cninfo.com.cn/finalpage/2025-07-07/1224091638.PDF,finalpage/2025-07-07/1224091638.PDF,关注函,关注函,cninfo,2026-05-24T03:05:26Z,skipped,data/pdf/1224091638.pdf,,
1224085909,300555,ST路通,szse,2025-07-04,无锡路通视信网络股份有限公司关于延期回复深圳证券交易所关注函的公告,01010503||010112||010115||012399,reply,http://static.cninfo.com.cn/finalpage/2025-07-04/1224085909.PDF,http://static.cninfo.com.cn/finalpage/2025-07-04/1224085909.PDF,finalpage/2025-07-04/1224085909.PDF,关注函,关注函,cninfo,2026-05-24T03:05:26Z,skipped,data/pdf/1224085909.pdf,,
1224018287,300555,ST路通,szse,2025-06-27,无锡路通视信网络股份有限公司关于深圳证券交易所关注函的回复公告,01010503||010112||010115||012399,reply,http://static.cninfo.com.cn/finalpage/2025-06-27/1224018287.PDF,http://static.cninfo.com.cn/finalpage/2025-06-27/1224018287.PDF,finalpage/2025-06-27/1224018287.PDF,关注函,关注函,cninfo,2026-05-24T03:05:26Z,skipped,data/pdf/1224018287.pdf,,
